path,category,domain,review_state,evidence,justification
.editorconfig,root-config,misc,inventoried,listed by git ls-files; not read or executed in this audit,tracked file; state reflects only recorded evidence (see relabel-evidence-states.py)
.github/ISSUE_TEMPLATE/bug_report.md,ci-config,ci,inventoried,listed by git ls-files; not read or executed in this audit,tracked file; state reflects only recorded evidence (see relabel-evidence-states.py)
.github/ISSUE_TEMPLATE/feature_request.md,ci-config,ci,inventoried,listed by git ls-files; not read or executed in this audit,tracked file; state reflects only recorded evidence (see relabel-evidence-states.py)
.github/ISSUE_TEMPLATE/question.md,ci-config,ci,inventoried,listed by git ls-files; not read or executed in this audit,tracked file; state reflects only recorded evidence (see relabel-evidence-states.py)
.github/ISSUE_TEMPLATE/security.md,ci-config,ci,inventoried,listed by git ls-files; not read or executed in this audit,tracked file; state reflects only recorded evidence (see relabel-evidence-states.py)
.github/PULL_REQUEST_TEMPLATE.md,ci-config,ci,inventoried,listed by git ls-files; not read or executed in this audit,tracked file; state reflects only recorded evidence (see relabel-evidence-states.py)
.github/workflows/ci.yml,ci-config,ci,inventoried,listed by git ls-files; not read or executed in this audit,tracked file; state reflects only recorded evidence (see relabel-evidence-states.py)
.github/workflows/release.yml,ci-config,ci,inventoried,listed by git ls-files; not read or executed in this audit,tracked file; state reflects only recorded evidence (see relabel-evidence-states.py)
.gitignore,root-config,root-config,inventoried,listed by git ls-files; not read or executed in this audit,tracked file; state reflects only recorded evidence (see relabel-evidence-states.py)
.node-version,root-config,root-config,inventoried,listed by git ls-files; not read or executed in this audit,tracked file; state reflects only recorded evidence (see relabel-evidence-states.py)
.nvmrc,root-config,root-config,inventoried,listed by git ls-files; not read or executed in this audit,tracked file; state reflects only recorded evidence (see relabel-evidence-states.py)
CHANGELOG.md,root-config,root-config,read-P01,read during P01/P02 document pass (progress.jsonl),tracked file; state reflects only recorded evidence (see relabel-evidence-states.py)
CODE_OF_CONDUCT.md,root-config,misc,inventoried,listed by git ls-files; not read or executed in this audit,tracked file; state reflects only recorded evidence (see relabel-evidence-states.py)
CONTRIBUTING.md,root-config,root-config,inventoried,listed by git ls-files; not read or executed in this audit,tracked file; state reflects only recorded evidence (see relabel-evidence-states.py)
FUNDING.md,root-config,misc,inventoried,listed by git ls-files; not read or executed in this audit,tracked file; state reflects only recorded evidence (see relabel-evidence-states.py)
LICENSE,root-config,root-config,inventoried,listed by git ls-files; not read or executed in this audit,tracked file; state reflects only recorded evidence (see relabel-evidence-states.py)
NOTICE,root-config,misc,inventoried,listed by git ls-files; not read or executed in this audit,tracked file; state reflects only recorded evidence (see relabel-evidence-states.py)
README.md,root-config,root-config,read-P01,read during P01/P02 document pass (progress.jsonl),tracked file; state reflects only recorded evidence (see relabel-evidence-states.py)
build.ts,root-config,root-config,read-P06;executed-P05,named in progress.jsonl P06; consumed by npm ci / lint / build:prod in P05 (TEST-RESULTS.md),tracked file; state reflects only recorded evidence (see relabel-evidence-states.py)
docs/.nojekyll,doc-public,docs-public,inventoried,listed by git ls-files; not read or executed in this audit,tracked file; state reflects only recorded evidence (see relabel-evidence-states.py)
docs/AUDIO-AUDIT.md,doc-public,docs-public,inventoried,listed by git ls-files; not read or executed in this audit,tracked file; state reflects only recorded evidence (see relabel-evidence-states.py)
docs/AUDIO-AUDIT.pt-BR.md,doc-public,docs-public,inventoried,listed by git ls-files; not read or executed in this audit,tracked file; state reflects only recorded evidence (see relabel-evidence-states.py)
docs/COMPATIBILITY.md,doc-public,docs-public,inventoried,listed by git ls-files; not read or executed in this audit,tracked file; state reflects only recorded evidence (see relabel-evidence-states.py)
docs/COMPATIBILITY.pt-BR.md,doc-public,docs-public,inventoried,listed by git ls-files; not read or executed in this audit,tracked file; state reflects only recorded evidence (see relabel-evidence-states.py)
docs/CONTRACTS.md,doc-public,docs-public,inventoried,listed by git ls-files; not read or executed in this audit,tracked file; state reflects only recorded evidence (see relabel-evidence-states.py)
docs/CONTRACTS.pt-BR.md,doc-public,docs-public,inventoried,listed by git ls-files; not read or executed in this audit,tracked file; state reflects only recorded evidence (see relabel-evidence-states.py)
docs/CUSTOMIZATION.md,doc-public,docs-public,inventoried,listed by git ls-files; not read or executed in this audit,tracked file; state reflects only recorded evidence (see relabel-evidence-states.py)
docs/CUSTOMIZATION.pt-BR.md,doc-public,docs-public,inventoried,listed by git ls-files; not read or executed in this audit,tracked file; state reflects only recorded evidence (see relabel-evidence-states.py)
docs/FAQ.md,doc-public,docs-public,inventoried,listed by git ls-files; not read or executed in this audit,tracked file; state reflects only recorded evidence (see relabel-evidence-states.py)
docs/FAQ.pt-BR.md,doc-public,docs-public,inventoried,listed by git ls-files; not read or executed in this audit,tracked file; state reflects only recorded evidence (see relabel-evidence-states.py)
docs/INSTALL.md,doc-public,docs-public,inventoried,listed by git ls-files; not read or executed in this audit,tracked file; state reflects only recorded evidence (see relabel-evidence-states.py)
docs/INSTALL.pt-BR.md,doc-public,docs-public,inventoried,listed by git ls-files; not read or executed in this audit,tracked file; state reflects only recorded evidence (see relabel-evidence-states.py)
docs/PRIVACY.md,doc-public,docs-public,inventoried,listed by git ls-files; not read or executed in this audit,tracked file; state reflects only recorded evidence (see relabel-evidence-states.py)
docs/PRIVACY.pt-BR.md,doc-public,docs-public,inventoried,listed by git ls-files; not read or executed in this audit,tracked file; state reflects only recorded evidence (see relabel-evidence-states.py)
docs/SECURITY.md,doc-public,docs-public,inventoried,listed by git ls-files; not read or executed in this audit,tracked file; state reflects only recorded evidence (see relabel-evidence-states.py)
docs/SECURITY.pt-BR.md,doc-public,docs-public,inventoried,listed by git ls-files; not read or executed in this audit,tracked file; state reflects only recorded evidence (see relabel-evidence-states.py)
docs/THIRD-PARTY-NOTICES.md,doc-public,docs-public,inventoried,listed by git ls-files; not read or executed in this audit,tracked file; state reflects only recorded evidence (see relabel-evidence-states.py)
docs/THIRD-PARTY-NOTICES.pt-BR.md,doc-public,docs-public,inventoried,listed by git ls-files; not read or executed in this audit,tracked file; state reflects only recorded evidence (see relabel-evidence-states.py)
docs/USER-GUIDE.md,doc-public,docs-public,read-P01,read during P01/P02 document pass (progress.jsonl),tracked file; state reflects only recorded evidence (see relabel-evidence-states.py)
docs/USER-GUIDE.pt-BR.md,doc-public,docs-public,read-P01,read during P01/P02 document pass (progress.jsonl),tracked file; state reflects only recorded evidence (see relabel-evidence-states.py)
docs/apple-touch-icon.png,doc-public,docs-public,inventoried,listed by git ls-files; not read or executed in this audit,tracked file; state reflects only recorded evidence (see relabel-evidence-states.py)
docs/assets/videos/01_install_open_narrated.mp4,doc-public,docs-public,inventoried,listed by git ls-files; not read or executed in this audit,tracked file; state reflects only recorded evidence (see relabel-evidence-states.py)
docs/favicon-32.png,doc-public,docs-public,inventoried,listed by git ls-files; not read or executed in this audit,tracked file; state reflects only recorded evidence (see relabel-evidence-states.py)
docs/favicon.svg,doc-public,docs-public,inventoried,listed by git ls-files; not read or executed in this audit,tracked file; state reflects only recorded evidence (see relabel-evidence-states.py)
docs/i18n.js,doc-public,docs-public,inventoried,listed by git ls-files; not read or executed in this audit,tracked file; state reflects only recorded evidence (see relabel-evidence-states.py)
docs/index.html,doc-public,docs-public,inventoried,listed by git ls-files; not read or executed in this audit,tracked file; state reflects only recorded evidence (see relabel-evidence-states.py)
docs/og-image.png,doc-public,docs-public,inventoried,listed by git ls-files; not read or executed in this audit,tracked file; state reflects only recorded evidence (see relabel-evidence-states.py)
docs/site-i18n.js,doc-public,docs-public,inventoried,listed by git ls-files; not read or executed in this audit,tracked file; state reflects only recorded evidence (see relabel-evidence-states.py)
docs/superpowers/plans/2026-09-06-native-track-audio.md,doc-public,docs-public,inventoried,listed by git ls-files; not read or executed in this audit,tracked file; state reflects only recorded evidence (see relabel-evidence-states.py)
docs/superpowers/plans/2026-09-07-browser-release-candidate.md,doc-public,docs-public,inventoried,listed by git ls-files; not read or executed in this audit,tracked file; state reflects only recorded evidence (see relabel-evidence-states.py)
docs/superpowers/plans/2026-09-07-product-final-review.md,doc-public,docs-public,inventoried,listed by git ls-files; not read or executed in this audit,tracked file; state reflects only recorded evidence (see relabel-evidence-states.py)
docs/superpowers/plans/2026-09-12-stutter-feedback-lfo-shapes.md,doc-public,modulation,inventoried,listed by git ls-files; not read or executed in this audit,tracked file; state reflects only recorded evidence (see relabel-evidence-states.py)
docs/superpowers/plans/2026-09-13-contextual-calibration.md,doc-public,sensors,inventoried,listed by git ls-files; not read or executed in this audit,tracked file; state reflects only recorded evidence (see relabel-evidence-states.py)
docs/superpowers/specs/2026-09-06-native-track-audio-design.md,doc-public,docs-public,inventoried,listed by git ls-files; not read or executed in this audit,tracked file; state reflects only recorded evidence (see relabel-evidence-states.py)
docs/surface-cards.css,doc-public,docs-public,inventoried,listed by git ls-files; not read or executed in this audit,tracked file; state reflects only recorded evidence (see relabel-evidence-states.py)
eslint.config.js,root-config,root-config,executed-P05,consumed by npm ci / lint / build:prod in P05 (TEST-RESULTS.md),tracked file; state reflects only recorded evidence (see relabel-evidence-states.py)
internal/CODE-HYGIENE-1.0.md,doc-internal,docs-internal,inventoried,listed by git ls-files; not read or executed in this audit,tracked file; state reflects only recorded evidence (see relabel-evidence-states.py)
internal/CONTROL-LATENCY-AUDIT-2026-09-09.md,doc-internal,docs-internal,inventoried,listed by git ls-files; not read or executed in this audit,tracked file; state reflects only recorded evidence (see relabel-evidence-states.py)
internal/DISTRIBUTION-REVIEW-1.0.md,doc-internal,docs-internal,inventoried,listed by git ls-files; not read or executed in this audit,tracked file; state reflects only recorded evidence (see relabel-evidence-states.py)
internal/LAUNCH-RUNBOOK-1.0.md,doc-internal,docs-internal,inventoried,listed by git ls-files; not read or executed in this audit,tracked file; state reflects only recorded evidence (see relabel-evidence-states.py)
internal/LIVE-WRITE-CEILING-1.0.md,doc-internal,docs-internal,read-P01,read during P01/P02 document pass (progress.jsonl),tracked file; state reflects only recorded evidence (see relabel-evidence-states.py)
internal/NATIVE-AUDIO-VALIDATION.md,doc-internal,docs-internal,read-P01,read during P01/P02 document pass (progress.jsonl),tracked file; state reflects only recorded evidence (see relabel-evidence-states.py)
internal/PERFORMANCE-BASELINE-1.0.md,doc-internal,docs-internal,inventoried,listed by git ls-files; not read or executed in this audit,tracked file; state reflects only recorded evidence (see relabel-evidence-states.py)
internal/PESQUISA_CELULAR_GESTUAL.md,doc-internal,docs-internal,inventoried,listed by git ls-files; not read or executed in this audit,tracked file; state reflects only recorded evidence (see relabel-evidence-states.py)
internal/README.md,doc-internal,docs-internal,inventoried,listed by git ls-files; not read or executed in this audit,tracked file; state reflects only recorded evidence (see relabel-evidence-states.py)
internal/RELEASE-BASELINE-1.0.md,doc-internal,docs-internal,inventoried,listed by git ls-files; not read or executed in this audit,tracked file; state reflects only recorded evidence (see relabel-evidence-states.py)
internal/RELEASE-CANDIDATE-CHECKLIST.pt-BR.md,doc-internal,docs-internal,read-P01,read during P01/P02 document pass (progress.jsonl),tracked file; state reflects only recorded evidence (see relabel-evidence-states.py)
internal/RELEASE-GATES-1.0.json,doc-internal,docs-internal,read-P01,read during P01/P02 document pass (progress.jsonl),tracked file; state reflects only recorded evidence (see relabel-evidence-states.py)
internal/RELEASE-READINESS-2026-09-07.pt-BR.md,doc-internal,docs-internal,inventoried,listed by git ls-files; not read or executed in this audit,tracked file; state reflects only recorded evidence (see relabel-evidence-states.py)
internal/TESTER-GUIDE.md,doc-internal,docs-internal,read-P01,read during P01/P02 document pass (progress.jsonl),tracked file; state reflects only recorded evidence (see relabel-evidence-states.py)
internal/THEME_CONTRACT.md,doc-internal,docs-internal,inventoried,listed by git ls-files; not read or executed in this audit,tracked file; state reflects only recorded evidence (see relabel-evidence-states.py)
internal/VERIFY-RELEASE-CONSTRAINT-1.0.md,doc-internal,docs-internal,inventoried,listed by git ls-files; not read or executed in this audit,tracked file; state reflects only recorded evidence (see relabel-evidence-states.py)
manifest.json,root-config,root-config,read-P01,read during P01/P02 document pass (progress.jsonl),tracked file; state reflects only recorded evidence (see relabel-evidence-states.py)
max/audio-descriptors/device.maxpat,root-config,audio,inventoried,listed by git ls-files; not read or executed in this audit,tracked file; state reflects only recorded evidence (see relabel-evidence-states.py)
max/audio-descriptors/rc-bridge.cjs,root-config,audio,inventoried,listed by git ls-files; not read or executed in this audit,tracked file; state reflects only recorded evidence (see relabel-evidence-states.py)
max/audio-descriptors/rc-device-control.js,root-config,audio,inventoried,listed by git ls-files; not read or executed in this audit,tracked file; state reflects only recorded evidence (see relabel-evidence-states.py)
max/audio-descriptors/rc-fast-attacks.maxpat,root-config,audio,inventoried,listed by git ls-files; not read or executed in this audit,tracked file; state reflects only recorded evidence (see relabel-evidence-states.py)
max/audio-descriptors/rc-latency-target.maxpat,root-config,audio,inventoried,listed by git ls-files; not read or executed in this audit,tracked file; state reflects only recorded evidence (see relabel-evidence-states.py)
max/audio-descriptors/rc-native-slot.maxpat,root-config,audio,inventoried,listed by git ls-files; not read or executed in this audit,tracked file; state reflects only recorded evidence (see relabel-evidence-states.py)
max/audio-descriptors/rc-probe-client.cjs,root-config,audio,inventoried,listed by git ls-files; not read or executed in this audit,tracked file; state reflects only recorded evidence (see relabel-evidence-states.py)
package-lock.json,root-config,misc,executed-P05,consumed by npm ci / lint / build:prod in P05 (TEST-RESULTS.md),tracked file; state reflects only recorded evidence (see relabel-evidence-states.py)
package.json,root-config,root-config,read-P01;executed-P05,read during P01/P02 document pass (progress.jsonl); consumed by npm ci / lint / build:prod in P05 (TEST-RESULTS.md),tracked file; state reflects only recorded evidence (see relabel-evidence-states.py)
playwright.config.mjs,root-config,root-config,executed-P05,consumed by npm ci / lint / build:prod in P05 (TEST-RESULTS.md),tracked file; state reflects only recorded evidence (see relabel-evidence-states.py)
scripts/amxd.js,script,max-device,inventoried,listed by git ls-files; not read or executed in this audit,tracked file; state reflects only recorded evidence (see relabel-evidence-states.py)
scripts/assets/fonts/DepartureMono-Regular.otf,script,misc,inventoried,listed by git ls-files; not read or executed in this audit,tracked file; state reflects only recorded evidence (see relabel-evidence-states.py)
scripts/assets/kit/Migrate RC Surface Data.command,script,misc,inventoried,listed by git ls-files; not read or executed in this audit,tracked file; state reflects only recorded evidence (see relabel-evidence-states.py)
scripts/assets/kit/Migrate-RC-Surface-Data.cmd,script,misc,inventoried,listed by git ls-files; not read or executed in this audit,tracked file; state reflects only recorded evidence (see relabel-evidence-states.py)
scripts/assets/kit/Migrate-RC-Surface-Data.ps1,script,misc,inventoried,listed by git ls-files; not read or executed in this audit,tracked file; state reflects only recorded evidence (see relabel-evidence-states.py)
scripts/audio-descriptors-device.test.mjs,script,audio,executed-P05,ran under npm test in P05 (package.json test:static/test:src globs; TEST-RESULTS.md),tracked file; state reflects only recorded evidence (see relabel-evidence-states.py)
scripts/audio-sender-device.test.mjs,script,misc,executed-P05,ran under npm test in P05 (package.json test:static/test:src globs; TEST-RESULTS.md),tracked file; state reflects only recorded evidence (see relabel-evidence-states.py)
scripts/bench-live-write-rate.mjs,script,bench,inventoried,listed by git ls-files; not read or executed in this audit,tracked file; state reflects only recorded evidence (see relabel-evidence-states.py)
scripts/bench-live-write-rate.test.mjs,script,bench,executed-P05,ran under npm test in P05 (package.json test:static/test:src globs; TEST-RESULTS.md),tracked file; state reflects only recorded evidence (see relabel-evidence-states.py)
scripts/bench-ws-compression.mjs,script,bench,inventoried,listed by git ls-files; not read or executed in this audit,tracked file; state reflects only recorded evidence (see relabel-evidence-states.py)
scripts/build-audio-descriptors.mjs,script,audio,inventoried,listed by git ls-files; not read or executed in this audit,tracked file; state reflects only recorded evidence (see relabel-evidence-states.py)
scripts/build-audio-sender.js,script,max-device,inventoried,listed by git ls-files; not read or executed in this audit,tracked file; state reflects only recorded evidence (see relabel-evidence-states.py)
scripts/build-host-locally.sh,script,misc,inventoried,listed by git ls-files; not read or executed in this audit,tracked file; state reflects only recorded evidence (see relabel-evidence-states.py)
scripts/build-midi-receiver.js,script,midi,inventoried,listed by git ls-files; not read or executed in this audit,tracked file; state reflects only recorded evidence (see relabel-evidence-states.py)
scripts/check-product-name.mjs,script,distribution,inventoried,listed by git ls-files; not read or executed in this audit,tracked file; state reflects only recorded evidence (see relabel-evidence-states.py)
scripts/check-release-gates.mjs,script,distribution,read-P06,named in progress.jsonl P06,tracked file; state reflects only recorded evidence (see relabel-evidence-states.py)
scripts/check-release-gates.test.mjs,script,distribution,executed-P05,ran under npm test in P05 (package.json test:static/test:src globs; TEST-RESULTS.md),tracked file; state reflects only recorded evidence (see relabel-evidence-states.py)
scripts/generate-native-latency-fixture.mjs,script,misc,inventoried,listed by git ls-files; not read or executed in this audit,tracked file; state reflects only recorded evidence (see relabel-evidence-states.py)
scripts/generate-native-latency-fixture.test.mjs,script,misc,executed-P05,ran under npm test in P05 (package.json test:static/test:src globs; TEST-RESULTS.md),tracked file; state reflects only recorded evidence (see relabel-evidence-states.py)
scripts/generate-og-image.py,script,misc,inventoried,listed by git ls-files; not read or executed in this audit,tracked file; state reflects only recorded evidence (see relabel-evidence-states.py)
scripts/install-candidate-status.test.mjs,script,distribution,executed-P05,ran under npm test in P05 (package.json test:static/test:src globs; TEST-RESULTS.md),tracked file; state reflects only recorded evidence (see relabel-evidence-states.py)
scripts/landing-cards.test.mjs,script,misc,executed-P05,ran under npm test in P05 (package.json test:static/test:src globs; TEST-RESULTS.md),tracked file; state reflects only recorded evidence (see relabel-evidence-states.py)
scripts/landing-runtime-contract.test.mjs,script,misc,executed-P05,ran under npm test in P05 (package.json test:static/test:src globs; TEST-RESULTS.md),tracked file; state reflects only recorded evidence (see relabel-evidence-states.py)
scripts/lima-audio-sender.sh,script,misc,inventoried,listed by git ls-files; not read or executed in this audit,tracked file; state reflects only recorded evidence (see relabel-evidence-states.py)
scripts/lima-midi-receiver.sh,script,midi,inventoried,listed by git ls-files; not read or executed in this audit,tracked file; state reflects only recorded evidence (see relabel-evidence-states.py)
scripts/measure-native-audio-latency.mjs,script,misc,inventoried,listed by git ls-files; not read or executed in this audit,tracked file; state reflects only recorded evidence (see relabel-evidence-states.py)
scripts/measure-native-audio-latency.test.mjs,script,misc,executed-P05,ran under npm test in P05 (package.json test:static/test:src globs; TEST-RESULTS.md),tracked file; state reflects only recorded evidence (see relabel-evidence-states.py)
scripts/midi-receiver-arming.test.mjs,script,midi,executed-P05,ran under npm test in P05 (package.json test:static/test:src globs; TEST-RESULTS.md),tracked file; state reflects only recorded evidence (see relabel-evidence-states.py)
scripts/midi-receiver-device.test.mjs,script,midi,executed-P05,ran under npm test in P05 (package.json test:static/test:src globs; TEST-RESULTS.md),tracked file; state reflects only recorded evidence (see relabel-evidence-states.py)
scripts/migrate-data.mjs,script,distribution,read-P06,named in progress.jsonl P06,tracked file; state reflects only recorded evidence (see relabel-evidence-states.py)
scripts/migrate-data.test.mjs,script,distribution,executed-P05,ran under npm test in P05 (package.json test:static/test:src globs; TEST-RESULTS.md),tracked file; state reflects only recorded evidence (see relabel-evidence-states.py)
scripts/migration-wrappers.test.mjs,script,misc,executed-P05,ran under npm test in P05 (package.json test:static/test:src globs; TEST-RESULTS.md),tracked file; state reflects only recorded evidence (see relabel-evidence-states.py)
scripts/native-audio-capability-probe.mjs,script,misc,inventoried,listed by git ls-files; not read or executed in this audit,tracked file; state reflects only recorded evidence (see relabel-evidence-states.py)
scripts/native-audio-capability-probe.test.mjs,script,misc,executed-P05,ran under npm test in P05 (package.json test:static/test:src globs; TEST-RESULTS.md),tracked file; state reflects only recorded evidence (see relabel-evidence-states.py)
scripts/native-audio-reference.mjs,script,misc,inventoried,listed by git ls-files; not read or executed in this audit,tracked file; state reflects only recorded evidence (see relabel-evidence-states.py)
scripts/native-audio-reference.test.mjs,script,misc,executed-P05,ran under npm test in P05 (package.json test:static/test:src globs; TEST-RESULTS.md),tracked file; state reflects only recorded evidence (see relabel-evidence-states.py)
scripts/no-inert-controls.test.mjs,script,misc,executed-P05,ran under npm test in P05 (package.json test:static/test:src globs; TEST-RESULTS.md),tracked file; state reflects only recorded evidence (see relabel-evidence-states.py)
scripts/og-image.test.mjs,script,misc,executed-P05,ran under npm test in P05 (package.json test:static/test:src globs; TEST-RESULTS.md),tracked file; state reflects only recorded evidence (see relabel-evidence-states.py)
scripts/package-tester-kit.mjs,script,distribution,read-P06,named in progress.jsonl P06,tracked file; state reflects only recorded evidence (see relabel-evidence-states.py)
scripts/package-tester-kit.test.mjs,script,distribution,executed-P05,ran under npm test in P05 (package.json test:static/test:src globs; TEST-RESULTS.md),tracked file; state reflects only recorded evidence (see relabel-evidence-states.py)
scripts/release-workflow.test.mjs,script,distribution,executed-P05,ran under npm test in P05 (package.json test:static/test:src globs; TEST-RESULTS.md),tracked file; state reflects only recorded evidence (see relabel-evidence-states.py)
scripts/stress/admin-observer.mjs,script,stress,inventoried,listed by git ls-files; not read or executed in this audit,tracked file; state reflects only recorded evidence (see relabel-evidence-states.py)
scripts/stress/fake-phone-headless.mjs,script,stress,inventoried,listed by git ls-files; not read or executed in this audit,tracked file; state reflects only recorded evidence (see relabel-evidence-states.py)
scripts/stress/fake-phone-multi.mjs,script,stress,inventoried,listed by git ls-files; not read or executed in this audit,tracked file; state reflects only recorded evidence (see relabel-evidence-states.py)
scripts/stress/launch-clients.sh,script,stress,inventoried,listed by git ls-files; not read or executed in this audit,tracked file; state reflects only recorded evidence (see relabel-evidence-states.py)
scripts/sync-tester-kit.mjs,script,transport,inventoried,listed by git ls-files; not read or executed in this audit,tracked file; state reflects only recorded evidence (see relabel-evidence-states.py)
scripts/test-port-assignments.test.mjs,script,distribution,executed-P05,ran under npm test in P05 (package.json test:static/test:src globs; TEST-RESULTS.md),tracked file; state reflects only recorded evidence (see relabel-evidence-states.py)
scripts/validate-release-tag.mjs,script,distribution,inventoried,listed by git ls-files; not read or executed in this audit,tracked file; state reflects only recorded evidence (see relabel-evidence-states.py)
scripts/verify-release-package.mjs,script,distribution,inventoried,listed by git ls-files; not read or executed in this audit,tracked file; state reflects only recorded evidence (see relabel-evidence-states.py)
scripts/verify-release-package.test.mjs,script,distribution,executed-P05,ran under npm test in P05 (package.json test:static/test:src globs; TEST-RESULTS.md),tracked file; state reflects only recorded evidence (see relabel-evidence-states.py)
scripts/verify-release.mjs,script,distribution,read-P06,named in progress.jsonl P06,tracked file; state reflects only recorded evidence (see relabel-evidence-states.py)
scripts/verify-release.test.mjs,script,distribution,executed-P05,ran under npm test in P05 (package.json test:static/test:src globs; TEST-RESULTS.md),tracked file; state reflects only recorded evidence (see relabel-evidence-states.py)
scripts/version-metadata.test.mjs,script,misc,executed-P05,ran under npm test in P05 (package.json test:static/test:src globs; TEST-RESULTS.md),tracked file; state reflects only recorded evidence (see relabel-evidence-states.py)
src/context.ts,source,host-bootstrap,inventoried,listed by git ls-files; not read or executed in this audit,tracked file; state reflects only recorded evidence (see relabel-evidence-states.py)
src/extension.ts,source,host-bootstrap,inventoried,listed by git ls-files; not read or executed in this audit,tracked file; state reflects only recorded evidence (see relabel-evidence-states.py)
src/live/catalog/index.ts,source,live-bridge,inventoried,listed by git ls-files; not read or executed in this audit,tracked file; state reflects only recorded evidence (see relabel-evidence-states.py)
src/live/catalog/transport-commands.ts,source,live-bridge,inventoried,listed by git ls-files; not read or executed in this audit,tracked file; state reflects only recorded evidence (see relabel-evidence-states.py)
src/live/catalog/types.ts,source,live-bridge,inventoried,listed by git ls-files; not read or executed in this audit,tracked file; state reflects only recorded evidence (see relabel-evidence-states.py)
src/live/continuous-target-actuator.ts,source,live-bridge,read-P03,named in progress.jsonl P03,tracked file; state reflects only recorded evidence (see relabel-evidence-states.py)
src/live/curves.ts,source,live-bridge,inventoried,listed by git ls-files; not read or executed in this audit,tracked file; state reflects only recorded evidence (see relabel-evidence-states.py)
src/live/host-modulators.ts,source,modulation,read-P03,named in progress.jsonl P03,tracked file; state reflects only recorded evidence (see relabel-evidence-states.py)
src/live/mappings.ts,source,mapping,inventoried,listed by git ls-files; not read or executed in this audit,tracked file; state reflects only recorded evidence (see relabel-evidence-states.py)
src/live/midi-receiver.ts,source,midi,inventoried,listed by git ls-files; not read or executed in this audit,tracked file; state reflects only recorded evidence (see relabel-evidence-states.py)
src/live/osc-transport.ts,source,transport,read-P03,named in progress.jsonl P03,tracked file; state reflects only recorded evidence (see relabel-evidence-states.py)
src/live/project-config.ts,source,live-bridge,read-P03,named in progress.jsonl P03,tracked file; state reflects only recorded evidence (see relabel-evidence-states.py)
src/live/safe-input.ts,source,live-bridge,read-P03,named in progress.jsonl P03,tracked file; state reflects only recorded evidence (see relabel-evidence-states.py)
src/live/state.ts,source,live-bridge,inventoried,listed by git ls-files; not read or executed in this audit,tracked file; state reflects only recorded evidence (see relabel-evidence-states.py)
src/live/target-scale.ts,source,live-bridge,inventoried,listed by git ls-files; not read or executed in this audit,tracked file; state reflects only recorded evidence (see relabel-evidence-states.py)
src/live/transport-clock.ts,source,modulation,read-P03,named in progress.jsonl P03,tracked file; state reflects only recorded evidence (see relabel-evidence-states.py)
src/osc-tokens.ts,source,osc,inventoried,listed by git ls-files; not read or executed in this audit,tracked file; state reflects only recorded evidence (see relabel-evidence-states.py)
src/runtime/global-polyfill.ts,source,runtime,inventoried,listed by git ls-files; not read or executed in this audit,tracked file; state reflects only recorded evidence (see relabel-evidence-states.py)
src/runtime/safety.ts,source,runtime,inventoried,listed by git ls-files; not read or executed in this audit,tracked file; state reflects only recorded evidence (see relabel-evidence-states.py)
src/server/access-urls.ts,source,server,inventoried,listed by git ls-files; not read or executed in this audit,tracked file; state reflects only recorded evidence (see relabel-evidence-states.py)
src/server/autostart.ts,source,server,inventoried,listed by git ls-files; not read or executed in this audit,tracked file; state reflects only recorded evidence (see relabel-evidence-states.py)
src/server/backpressure.ts,source,server,inventoried,listed by git ls-files; not read or executed in this audit,tracked file; state reflects only recorded evidence (see relabel-evidence-states.py)
src/server/cert.ts,source,server,inventoried,listed by git ls-files; not read or executed in this audit,tracked file; state reflects only recorded evidence (see relabel-evidence-states.py)
src/server/client-id.ts,source,server,inventoried,listed by git ls-files; not read or executed in this audit,tracked file; state reflects only recorded evidence (see relabel-evidence-states.py)
src/server/command-dispatch.ts,source,server,inventoried,listed by git ls-files; not read or executed in this audit,tracked file; state reflects only recorded evidence (see relabel-evidence-states.py)
src/server/http.ts,source,server,read-P03,named in progress.jsonl P03,tracked file; state reflects only recorded evidence (see relabel-evidence-states.py)
src/server/locale.ts,source,server,inventoried,listed by git ls-files; not read or executed in this audit,tracked file; state reflects only recorded evidence (see relabel-evidence-states.py)
src/server/session-auth.ts,source,server,read-P03,named in progress.jsonl P03,tracked file; state reflects only recorded evidence (see relabel-evidence-states.py)
src/server/state.ts,source,server,inventoried,listed by git ls-files; not read or executed in this audit,tracked file; state reflects only recorded evidence (see relabel-evidence-states.py)
src/server/write-scheduler.ts,source,server,read-P03,named in progress.jsonl P03,tracked file; state reflects only recorded evidence (see relabel-evidence-states.py)
src/server/ws-bounds.ts,source,server,inventoried,listed by git ls-files; not read or executed in this audit,tracked file; state reflects only recorded evidence (see relabel-evidence-states.py)
src/server/ws.ts,source,server,inventoried,listed by git ls-files; not read or executed in this audit,tracked file; state reflects only recorded evidence (see relabel-evidence-states.py)
src/ui/panel.ts,source,ui-host,inventoried,listed by git ls-files; not read or executed in this audit,tracked file; state reflects only recorded evidence (see relabel-evidence-states.py)
src/util/cpu.ts,source,util,inventoried,listed by git ls-files; not read or executed in this audit,tracked file; state reflects only recorded evidence (see relabel-evidence-states.py)
src/util/helpers.ts,source,util,inventoried,listed by git ls-files; not read or executed in this audit,tracked file; state reflects only recorded evidence (see relabel-evidence-states.py)
src/util/url.ts,source,util,inventoried,listed by git ls-files; not read or executed in this audit,tracked file; state reflects only recorded evidence (see relabel-evidence-states.py)
static/RC-Audio-Sender.amxd,static,max-device,read-P04,named in progress.jsonl P04,tracked file; state reflects only recorded evidence (see relabel-evidence-states.py)
static/RC-Midi-Receiver.amxd,static,max-device,read-P04,named in progress.jsonl P04,tracked file; state reflects only recorded evidence (see relabel-evidence-states.py)
static/admin/app.js,static,admin,inventoried,listed by git ls-files; not read or executed in this audit,tracked file; state reflects only recorded evidence (see relabel-evidence-states.py)
static/admin/client-status.test.mjs,static,admin,executed-P05,ran under npm test in P05 (package.json test:static/test:src globs; TEST-RESULTS.md),tracked file; state reflects only recorded evidence (see relabel-evidence-states.py)
static/admin/history-delta.test.mjs,static,admin,executed-P05,ran under npm test in P05 (package.json test:static/test:src globs; TEST-RESULTS.md),tracked file; state reflects only recorded evidence (see relabel-evidence-states.py)
static/admin/index.html,static,admin,inventoried,listed by git ls-files; not read or executed in this audit,tracked file; state reflects only recorded evidence (see relabel-evidence-states.py)
static/admin/mappings-core.js,static,admin,inventoried,listed by git ls-files; not read or executed in this audit,tracked file; state reflects only recorded evidence (see relabel-evidence-states.py)
static/admin/mappings.html,static,admin,inventoried,listed by git ls-files; not read or executed in this audit,tracked file; state reflects only recorded evidence (see relabel-evidence-states.py)
static/admin/mappings.test.mjs,static,admin,executed-P05,ran under npm test in P05 (package.json test:static/test:src globs; TEST-RESULTS.md),tracked file; state reflects only recorded evidence (see relabel-evidence-states.py)
static/admin/style.css,static,admin,inventoried,listed by git ls-files; not read or executed in this audit,tracked file; state reflects only recorded evidence (see relabel-evidence-states.py)
static/fonts/DepartureMono-Regular.woff2,static,misc,inventoried,listed by git ls-files; not read or executed in this audit,tracked file; state reflects only recorded evidence (see relabel-evidence-states.py)
static/fonts/LICENSE.txt,static,root-config,inventoried,listed by git ls-files; not read or executed in this audit,tracked file; state reflects only recorded evidence (see relabel-evidence-states.py)
static/fonts/README.md,static,root-config,inventoried,listed by git ls-files; not read or executed in this audit,tracked file; state reflects only recorded evidence (see relabel-evidence-states.py)
static/panel/app.js,static,panel,inventoried,listed by git ls-files; not read or executed in this audit,tracked file; state reflects only recorded evidence (see relabel-evidence-states.py)
static/panel/connect-ui.test.mjs,static,panel,executed-P05,ran under npm test in P05 (package.json test:static/test:src globs; TEST-RESULTS.md),tracked file; state reflects only recorded evidence (see relabel-evidence-states.py)
static/panel/index.html,static,panel,inventoried,listed by git ls-files; not read or executed in this audit,tracked file; state reflects only recorded evidence (see relabel-evidence-states.py)
static/panel/mappings-layout.test.mjs,static,panel,executed-P05,ran under npm test in P05 (package.json test:static/test:src globs; TEST-RESULTS.md),tracked file; state reflects only recorded evidence (see relabel-evidence-states.py)
static/panel/mappings.js,static,panel,inventoried,listed by git ls-files; not read or executed in this audit,tracked file; state reflects only recorded evidence (see relabel-evidence-states.py)
static/panel/mappings.test.mjs,static,panel,executed-P05,ran under npm test in P05 (package.json test:static/test:src globs; TEST-RESULTS.md),tracked file; state reflects only recorded evidence (see relabel-evidence-states.py)
static/panel/qrcode.js,static,panel,inventoried,listed by git ls-files; not read or executed in this audit,tracked file; state reflects only recorded evidence (see relabel-evidence-states.py)
static/panel/safe-mapping-options.test.mjs,static,panel,executed-P05,ran under npm test in P05 (package.json test:static/test:src globs; TEST-RESULTS.md),tracked file; state reflects only recorded evidence (see relabel-evidence-states.py)
static/panel/style.css,static,panel,inventoried,listed by git ls-files; not read or executed in this audit,tracked file; state reflects only recorded evidence (see relabel-evidence-states.py)
static/panel/templates.js,static,panel,inventoried,listed by git ls-files; not read or executed in this audit,tracked file; state reflects only recorded evidence (see relabel-evidence-states.py)
static/panel/templates.test.mjs,static,panel,executed-P05,ran under npm test in P05 (package.json test:static/test:src globs; TEST-RESULTS.md),tracked file; state reflects only recorded evidence (see relabel-evidence-states.py)
static/panel/theme-contract.test.mjs,static,panel,executed-P05,ran under npm test in P05 (package.json test:static/test:src globs; TEST-RESULTS.md),tracked file; state reflects only recorded evidence (see relabel-evidence-states.py)
static/phone-v3/app.js,static,phone,inventoried,listed by git ls-files; not read or executed in this audit,tracked file; state reflects only recorded evidence (see relabel-evidence-states.py)
static/phone-v3/audio-analysis-controls.js,static,phone,inventoried,listed by git ls-files; not read or executed in this audit,tracked file; state reflects only recorded evidence (see relabel-evidence-states.py)
static/phone-v3/audio-analysis-controls.test.mjs,static,phone,executed-P05,ran under npm test in P05 (package.json test:static/test:src globs; TEST-RESULTS.md),tracked file; state reflects only recorded evidence (see relabel-evidence-states.py)
static/phone-v3/audio-descriptor-stream.js,static,phone,read-P04,named in progress.jsonl P04,tracked file; state reflects only recorded evidence (see relabel-evidence-states.py)
static/phone-v3/audio-descriptor-stream.test.mjs,static,phone,executed-P05,ran under npm test in P05 (package.json test:static/test:src globs; TEST-RESULTS.md),tracked file; state reflects only recorded evidence (see relabel-evidence-states.py)
static/phone-v3/audio-descriptor-worklet.js,static,phone,read-P02,named in progress.jsonl P02,tracked file; state reflects only recorded evidence (see relabel-evidence-states.py)
static/phone-v3/audio-descriptor-worklet.test.mjs,static,phone,executed-P05,ran under npm test in P05 (package.json test:static/test:src globs; TEST-RESULTS.md),tracked file; state reflects only recorded evidence (see relabel-evidence-states.py)
static/phone-v3/audio-descriptors.js,static,phone,inventoried,listed by git ls-files; not read or executed in this audit,tracked file; state reflects only recorded evidence (see relabel-evidence-states.py)
static/phone-v3/audio-descriptors.test.mjs,static,phone,executed-P05,ran under npm test in P05 (package.json test:static/test:src globs; TEST-RESULTS.md),tracked file; state reflects only recorded evidence (see relabel-evidence-states.py)
static/phone-v3/audio-detector-timing.js,static,phone,inventoried,listed by git ls-files; not read or executed in this audit,tracked file; state reflects only recorded evidence (see relabel-evidence-states.py)
static/phone-v3/audio-detector-timing.test.mjs,static,phone,executed-P05,ran under npm test in P05 (package.json test:static/test:src globs; TEST-RESULTS.md),tracked file; state reflects only recorded evidence (see relabel-evidence-states.py)
static/phone-v3/audio-input-selector.js,static,phone,inventoried,listed by git ls-files; not read or executed in this audit,tracked file; state reflects only recorded evidence (see relabel-evidence-states.py)
static/phone-v3/audio-input-selector.test.mjs,static,phone,executed-P05,ran under npm test in P05 (package.json test:static/test:src globs; TEST-RESULTS.md),tracked file; state reflects only recorded evidence (see relabel-evidence-states.py)
static/phone-v3/audio-processor.js,static,phone,read-P02,named in progress.jsonl P02,tracked file; state reflects only recorded evidence (see relabel-evidence-states.py)
static/phone-v3/audio-processor.test.mjs,static,phone,executed-P05,ran under npm test in P05 (package.json test:static/test:src globs; TEST-RESULTS.md),tracked file; state reflects only recorded evidence (see relabel-evidence-states.py)
static/phone-v3/audio-smoothing.js,static,phone,inventoried,listed by git ls-files; not read or executed in this audit,tracked file; state reflects only recorded evidence (see relabel-evidence-states.py)
static/phone-v3/audio-smoothing.test.mjs,static,phone,executed-P05,ran under npm test in P05 (package.json test:static/test:src globs; TEST-RESULTS.md),tracked file; state reflects only recorded evidence (see relabel-evidence-states.py)
static/phone-v3/audio-spectral-descriptors.js,static,phone,inventoried,listed by git ls-files; not read or executed in this audit,tracked file; state reflects only recorded evidence (see relabel-evidence-states.py)
static/phone-v3/audio-spectral-descriptors.test.mjs,static,phone,executed-P05,ran under npm test in P05 (package.json test:static/test:src globs; TEST-RESULTS.md),tracked file; state reflects only recorded evidence (see relabel-evidence-states.py)
static/phone-v3/audio-timeline.js,static,phone,inventoried,listed by git ls-files; not read or executed in this audit,tracked file; state reflects only recorded evidence (see relabel-evidence-states.py)
static/phone-v3/audio-timeline.test.mjs,static,phone,executed-P05,ran under npm test in P05 (package.json test:static/test:src globs; TEST-RESULTS.md),tracked file; state reflects only recorded evidence (see relabel-evidence-states.py)
static/phone-v3/audio-workspace.js,static,phone,inventoried,listed by git ls-files; not read or executed in this audit,tracked file; state reflects only recorded evidence (see relabel-evidence-states.py)
static/phone-v3/battery-diagnostics.test.mjs,static,phone,executed-P05,ran under npm test in P05 (package.json test:static/test:src globs; TEST-RESULTS.md),tracked file; state reflects only recorded evidence (see relabel-evidence-states.py)
static/phone-v3/burst-sync.test.mjs,static,phone,executed-P05,ran under npm test in P05 (package.json test:static/test:src globs; TEST-RESULTS.md),tracked file; state reflects only recorded evidence (see relabel-evidence-states.py)
static/phone-v3/calibration.js,static,phone,inventoried,listed by git ls-files; not read or executed in this audit,tracked file; state reflects only recorded evidence (see relabel-evidence-states.py)
static/phone-v3/calibration.test.mjs,static,phone,executed-P05,ran under npm test in P05 (package.json test:static/test:src globs; TEST-RESULTS.md),tracked file; state reflects only recorded evidence (see relabel-evidence-states.py)
static/phone-v3/camera-lifecycle.js,static,phone,read-P04,named in progress.jsonl P04,tracked file; state reflects only recorded evidence (see relabel-evidence-states.py)
static/phone-v3/camera-lifecycle.test.mjs,static,phone,executed-P05,ran under npm test in P05 (package.json test:static/test:src globs; TEST-RESULTS.md),tracked file; state reflects only recorded evidence (see relabel-evidence-states.py)
static/phone-v3/config-mode.js,static,phone,read-P02,named in progress.jsonl P02,tracked file; state reflects only recorded evidence (see relabel-evidence-states.py)
static/phone-v3/config-mode.test.mjs,static,phone,executed-P05,ran under npm test in P05 (package.json test:static/test:src globs; TEST-RESULTS.md),tracked file; state reflects only recorded evidence (see relabel-evidence-states.py)
static/phone-v3/control-config.js,static,phone,inventoried,listed by git ls-files; not read or executed in this audit,tracked file; state reflects only recorded evidence (see relabel-evidence-states.py)
static/phone-v3/control-config.test.mjs,static,phone,executed-P05,ran under npm test in P05 (package.json test:static/test:src globs; TEST-RESULTS.md),tracked file; state reflects only recorded evidence (see relabel-evidence-states.py)
static/phone-v3/control-stream.js,static,phone,inventoried,listed by git ls-files; not read or executed in this audit,tracked file; state reflects only recorded evidence (see relabel-evidence-states.py)
static/phone-v3/control-stream.test.mjs,static,phone,executed-P05,ran under npm test in P05 (package.json test:static/test:src globs; TEST-RESULTS.md),tracked file; state reflects only recorded evidence (see relabel-evidence-states.py)
static/phone-v3/controls.js,static,phone,read-P02,named in progress.jsonl P02,tracked file; state reflects only recorded evidence (see relabel-evidence-states.py)
static/phone-v3/fader-range.test.mjs,static,phone,executed-P05,ran under npm test in P05 (package.json test:static/test:src globs; TEST-RESULTS.md),tracked file; state reflects only recorded evidence (see relabel-evidence-states.py)
static/phone-v3/fader-reset.test.mjs,static,phone,executed-P05,ran under npm test in P05 (package.json test:static/test:src globs; TEST-RESULTS.md),tracked file; state reflects only recorded evidence (see relabel-evidence-states.py)
static/phone-v3/gestures-touch.test.mjs,static,phone,executed-P05,ran under npm test in P05 (package.json test:static/test:src globs; TEST-RESULTS.md),tracked file; state reflects only recorded evidence (see relabel-evidence-states.py)
static/phone-v3/index.html,static,phone,inventoried,listed by git ls-files; not read or executed in this audit,tracked file; state reflects only recorded evidence (see relabel-evidence-states.py)
static/phone-v3/layout.test.mjs,static,phone,executed-P05,ran under npm test in P05 (package.json test:static/test:src globs; TEST-RESULTS.md),tracked file; state reflects only recorded evidence (see relabel-evidence-states.py)
static/phone-v3/mapping-input-contract.js,static,phone,inventoried,listed by git ls-files; not read or executed in this audit,tracked file; state reflects only recorded evidence (see relabel-evidence-states.py)
static/phone-v3/mapping-input-contract.test.mjs,static,phone,executed-P05,ran under npm test in P05 (package.json test:static/test:src globs; TEST-RESULTS.md),tracked file; state reflects only recorded evidence (see relabel-evidence-states.py)
static/phone-v3/mapping-mode.js,static,phone,read-P02,named in progress.jsonl P02,tracked file; state reflects only recorded evidence (see relabel-evidence-states.py)
static/phone-v3/mapping-mode.test.mjs,static,phone,executed-P05,ran under npm test in P05 (package.json test:static/test:src globs; TEST-RESULTS.md),tracked file; state reflects only recorded evidence (see relabel-evidence-states.py)
static/phone-v3/mobile-ui.test.mjs,static,phone,executed-P05,ran under npm test in P05 (package.json test:static/test:src globs; TEST-RESULTS.md),tracked file; state reflects only recorded evidence (see relabel-evidence-states.py)
static/phone-v3/mode-engine.js,static,phone,inventoried,listed by git ls-files; not read or executed in this audit,tracked file; state reflects only recorded evidence (see relabel-evidence-states.py)
static/phone-v3/mode-engine.test.mjs,static,phone,executed-P05,ran under npm test in P05 (package.json test:static/test:src globs; TEST-RESULTS.md),tracked file; state reflects only recorded evidence (see relabel-evidence-states.py)
static/phone-v3/modulator-emit-coalescing.test.mjs,static,phone,executed-P05,ran under npm test in P05 (package.json test:static/test:src globs; TEST-RESULTS.md),tracked file; state reflects only recorded evidence (see relabel-evidence-states.py)
static/phone-v3/modules/calibration.js,static,phone,inventoried,listed by git ls-files; not read or executed in this audit,tracked file; state reflects only recorded evidence (see relabel-evidence-states.py)
static/phone-v3/modules/layout.js,static,phone,inventoried,listed by git ls-files; not read or executed in this audit,tracked file; state reflects only recorded evidence (see relabel-evidence-states.py)
static/phone-v3/modules/playhead.js,static,phone,inventoried,listed by git ls-files; not read or executed in this audit,tracked file; state reflects only recorded evidence (see relabel-evidence-states.py)
static/phone-v3/modules/session.js,static,phone,inventoried,listed by git ls-files; not read or executed in this audit,tracked file; state reflects only recorded evidence (see relabel-evidence-states.py)
static/phone-v3/modules/snapshots.js,static,phone,inventoried,listed by git ls-files; not read or executed in this audit,tracked file; state reflects only recorded evidence (see relabel-evidence-states.py)
static/phone-v3/modules/sync.js,static,phone,inventoried,listed by git ls-files; not read or executed in this audit,tracked file; state reflects only recorded evidence (see relabel-evidence-states.py)
static/phone-v3/modules/transport.js,static,phone,inventoried,listed by git ls-files; not read or executed in this audit,tracked file; state reflects only recorded evidence (see relabel-evidence-states.py)
static/phone-v3/modules/wake-lock.js,static,phone,inventoried,listed by git ls-files; not read or executed in this audit,tracked file; state reflects only recorded evidence (see relabel-evidence-states.py)
static/phone-v3/on-control.test.mjs,static,phone,executed-P05,ran under npm test in P05 (package.json test:static/test:src globs; TEST-RESULTS.md),tracked file; state reflects only recorded evidence (see relabel-evidence-states.py)
static/phone-v3/performance-util.test.mjs,static,phone,executed-P05,ran under npm test in P05 (package.json test:static/test:src globs; TEST-RESULTS.md),tracked file; state reflects only recorded evidence (see relabel-evidence-states.py)
static/phone-v3/phone-identity.js,static,phone,inventoried,listed by git ls-files; not read or executed in this audit,tracked file; state reflects only recorded evidence (see relabel-evidence-states.py)
static/phone-v3/phone-identity.test.mjs,static,phone,executed-P05,ran under npm test in P05 (package.json test:static/test:src globs; TEST-RESULTS.md),tracked file; state reflects only recorded evidence (see relabel-evidence-states.py)
static/phone-v3/playhead.test.mjs,static,phone,executed-P05,ran under npm test in P05 (package.json test:static/test:src globs; TEST-RESULTS.md),tracked file; state reflects only recorded evidence (see relabel-evidence-states.py)
static/phone-v3/pointer-controls.test.mjs,static,phone,executed-P05,ran under npm test in P05 (package.json test:static/test:src globs; TEST-RESULTS.md),tracked file; state reflects only recorded evidence (see relabel-evidence-states.py)
static/phone-v3/remote-control-values.test.mjs,static,phone,executed-P05,ran under npm test in P05 (package.json test:static/test:src globs; TEST-RESULTS.md),tracked file; state reflects only recorded evidence (see relabel-evidence-states.py)
static/phone-v3/safe-input-feedback.test.mjs,static,phone,executed-P05,ran under npm test in P05 (package.json test:static/test:src globs; TEST-RESULTS.md),tracked file; state reflects only recorded evidence (see relabel-evidence-states.py)
static/phone-v3/safe-input-layer.js,static,phone,inventoried,listed by git ls-files; not read or executed in this audit,tracked file; state reflects only recorded evidence (see relabel-evidence-states.py)
static/phone-v3/safe-input-layer.test.mjs,static,phone,executed-P05,ran under npm test in P05 (package.json test:static/test:src globs; TEST-RESULTS.md),tracked file; state reflects only recorded evidence (see relabel-evidence-states.py)
static/phone-v3/sensor-capabilities.js,static,phone,read-P04,named in progress.jsonl P04,tracked file; state reflects only recorded evidence (see relabel-evidence-states.py)
static/phone-v3/sensor-capabilities.test.mjs,static,phone,executed-P05,ran under npm test in P05 (package.json test:static/test:src globs; TEST-RESULTS.md),tracked file; state reflects only recorded evidence (see relabel-evidence-states.py)
static/phone-v3/sensor-orientation.test.mjs,static,phone,executed-P05,ran under npm test in P05 (package.json test:static/test:src globs; TEST-RESULTS.md),tracked file; state reflects only recorded evidence (see relabel-evidence-states.py)
static/phone-v3/session.test.mjs,static,phone,executed-P05,ran under npm test in P05 (package.json test:static/test:src globs; TEST-RESULTS.md),tracked file; state reflects only recorded evidence (see relabel-evidence-states.py)
static/phone-v3/snapshot-controls.test.mjs,static,phone,executed-P05,ran under npm test in P05 (package.json test:static/test:src globs; TEST-RESULTS.md),tracked file; state reflects only recorded evidence (see relabel-evidence-states.py)
static/phone-v3/snapshots.test.mjs,static,phone,executed-P05,ran under npm test in P05 (package.json test:static/test:src globs; TEST-RESULTS.md),tracked file; state reflects only recorded evidence (see relabel-evidence-states.py)
static/phone-v3/stage-mode-controller.js,static,phone,inventoried,listed by git ls-files; not read or executed in this audit,tracked file; state reflects only recorded evidence (see relabel-evidence-states.py)
static/phone-v3/static-pose-gesture.test.mjs,static,phone,executed-P05,ran under npm test in P05 (package.json test:static/test:src globs; TEST-RESULTS.md),tracked file; state reflects only recorded evidence (see relabel-evidence-states.py)
static/phone-v3/static-pose-ui.test.mjs,static,phone,executed-P05,ran under npm test in P05 (package.json test:static/test:src globs; TEST-RESULTS.md),tracked file; state reflects only recorded evidence (see relabel-evidence-states.py)
static/phone-v3/stutter-mode.test.mjs,static,phone,executed-P05,ran under npm test in P05 (package.json test:static/test:src globs; TEST-RESULTS.md),tracked file; state reflects only recorded evidence (see relabel-evidence-states.py)
static/phone-v3/style.css,static,phone,inventoried,listed by git ls-files; not read or executed in this audit,tracked file; state reflects only recorded evidence (see relabel-evidence-states.py)
static/phone-v3/surface-integration.test.mjs,static,phone,executed-P05,ran under npm test in P05 (package.json test:static/test:src globs; TEST-RESULTS.md),tracked file; state reflects only recorded evidence (see relabel-evidence-states.py)
static/phone-v3/transport.test.mjs,static,phone,executed-P05,ran under npm test in P05 (package.json test:static/test:src globs; TEST-RESULTS.md),tracked file; state reflects only recorded evidence (see relabel-evidence-states.py)
static/phone-v3/vendor/mediapipe/LICENSE,static,phone,inventoried,listed by git ls-files; not read or executed in this audit,tracked file; state reflects only recorded evidence (see relabel-evidence-states.py)
static/phone-v3/vision-capture.test.mjs,static,phone,executed-P05,ran under npm test in P05 (package.json test:static/test:src globs; TEST-RESULTS.md),tracked file; state reflects only recorded evidence (see relabel-evidence-states.py)
static/phone-v3/vision-control-state.js,static,phone,inventoried,listed by git ls-files; not read or executed in this audit,tracked file; state reflects only recorded evidence (see relabel-evidence-states.py)
static/phone-v3/vision-control-state.test.mjs,static,phone,executed-P05,ran under npm test in P05 (package.json test:static/test:src globs; TEST-RESULTS.md),tracked file; state reflects only recorded evidence (see relabel-evidence-states.py)
static/phone-v3/vision-layout-fit.test.mjs,static,phone,executed-P05,ran under npm test in P05 (package.json test:static/test:src globs; TEST-RESULTS.md),tracked file; state reflects only recorded evidence (see relabel-evidence-states.py)
static/phone-v3/vision-mapping.test.mjs,static,phone,executed-P05,ran under npm test in P05 (package.json test:static/test:src globs; TEST-RESULTS.md),tracked file; state reflects only recorded evidence (see relabel-evidence-states.py)
static/phone-v3/vision-processor.js,static,phone,read-P02,named in progress.jsonl P02,tracked file; state reflects only recorded evidence (see relabel-evidence-states.py)
static/phone-v3/vision-processor.test.mjs,static,phone,executed-P05,ran under npm test in P05 (package.json test:static/test:src globs; TEST-RESULTS.md),tracked file; state reflects only recorded evidence (see relabel-evidence-states.py)
static/phone-v3/wake-lock.test.mjs,static,phone,executed-P05,ran under npm test in P05 (package.json test:static/test:src globs; TEST-RESULTS.md),tracked file; state reflects only recorded evidence (see relabel-evidence-states.py)
static/phone-v3/xy-physics-stop.test.mjs,static,phone,executed-P05,ran under npm test in P05 (package.json test:static/test:src globs; TEST-RESULTS.md),tracked file; state reflects only recorded evidence (see relabel-evidence-states.py)
static/shared/audio-descriptor-catalog.js,static,static-shared,inventoried,listed by git ls-files; not read or executed in this audit,tracked file; state reflects only recorded evidence (see relabel-evidence-states.py)
static/shared/audio-descriptor-catalog.test.mjs,static,static-shared,executed-P05,ran under npm test in P05 (package.json test:static/test:src globs; TEST-RESULTS.md),tracked file; state reflects only recorded evidence (see relabel-evidence-states.py)
static/shared/i18n-catalog.js,static,static-shared,inventoried,listed by git ls-files; not read or executed in this audit,tracked file; state reflects only recorded evidence (see relabel-evidence-states.py)
static/shared/i18n.js,static,static-shared,inventoried,listed by git ls-files; not read or executed in this audit,tracked file; state reflects only recorded evidence (see relabel-evidence-states.py)
static/shared/i18n.test.mjs,static,static-shared,executed-P05,ran under npm test in P05 (package.json test:static/test:src globs; TEST-RESULTS.md),tracked file; state reflects only recorded evidence (see relabel-evidence-states.py)
static/shared/native-audio-contract.d.ts,static,static-shared,inventoried,listed by git ls-files; not read or executed in this audit,tracked file; state reflects only recorded evidence (see relabel-evidence-states.py)
static/shared/native-audio-contract.js,static,static-shared,inventoried,listed by git ls-files; not read or executed in this audit,tracked file; state reflects only recorded evidence (see relabel-evidence-states.py)
static/shared/native-audio-contract.test.mjs,static,static-shared,executed-P05,ran under npm test in P05 (package.json test:static/test:src globs; TEST-RESULTS.md),tracked file; state reflects only recorded evidence (see relabel-evidence-states.py)
tests/audio-descriptor-protocol.test.mjs,source-test,audio,executed-P05,ran under npm test in P05 (package.json test:static/test:src globs; TEST-RESULTS.md),tracked file; state reflects only recorded evidence (see relabel-evidence-states.py)
tests/autostart.test.mjs,source-test,misc,executed-P05,ran under npm test in P05 (package.json test:static/test:src globs; TEST-RESULTS.md),tracked file; state reflects only recorded evidence (see relabel-evidence-states.py)
tests/catalog-modules.test.mjs,source-test,misc,executed-P05,ran under npm test in P05 (package.json test:static/test:src globs; TEST-RESULTS.md),tracked file; state reflects only recorded evidence (see relabel-evidence-states.py)
tests/contracts-freeze.test.mjs,source-test,misc,executed-P05,ran under npm test in P05 (package.json test:static/test:src globs; TEST-RESULTS.md),tracked file; state reflects only recorded evidence (see relabel-evidence-states.py)
tests/e2e-suite-integration.test.mjs,source-test,misc,executed-P05,ran under npm test in P05 (package.json test:static/test:src globs; TEST-RESULTS.md),tracked file; state reflects only recorded evidence (see relabel-evidence-states.py)
tests/extension-activation-race.test.mjs,source-test,misc,executed-P05,ran under npm test in P05 (package.json test:static/test:src globs; TEST-RESULTS.md),tracked file; state reflects only recorded evidence (see relabel-evidence-states.py)
tests/helpers/isolated-module.mjs,source-test,misc,inventoried,listed by git ls-files; not read or executed in this audit,tracked file; state reflects only recorded evidence (see relabel-evidence-states.py)
tests/helpers/native-audio-contract-types.ts,source-test,misc,inventoried,listed by git ls-files; not read or executed in this audit,tracked file; state reflects only recorded evidence (see relabel-evidence-states.py)
tests/helpers/native-audio-fixtures.mjs,source-test,misc,inventoried,listed by git ls-files; not read or executed in this audit,tracked file; state reflects only recorded evidence (see relabel-evidence-states.py)
tests/host-modulator-phase-continuity.test.mjs,source-test,modulation,executed-P05,ran under npm test in P05 (package.json test:static/test:src globs; TEST-RESULTS.md),tracked file; state reflects only recorded evidence (see relabel-evidence-states.py)
tests/lfo-high-rate-jitter.test.mjs,source-test,modulation,executed-P05,ran under npm test in P05 (package.json test:static/test:src globs; TEST-RESULTS.md),tracked file; state reflects only recorded evidence (see relabel-evidence-states.py)
tests/lfo-latest-delivery.test.mjs,source-test,modulation,executed-P05,ran under npm test in P05 (package.json test:static/test:src globs; TEST-RESULTS.md),tracked file; state reflects only recorded evidence (see relabel-evidence-states.py)
tests/lfo-rhythm-options.test.mjs,source-test,modulation,executed-P05,ran under npm test in P05 (package.json test:static/test:src globs; TEST-RESULTS.md),tracked file; state reflects only recorded evidence (see relabel-evidence-states.py)
tests/lfo-stutter-stress.test.mjs,source-test,modulation,executed-P05,ran under npm test in P05 (package.json test:static/test:src globs; TEST-RESULTS.md),tracked file; state reflects only recorded evidence (see relabel-evidence-states.py)
tests/live-audio-descriptor-dispatch.test.mjs,source-test,audio,executed-P05,ran under npm test in P05 (package.json test:static/test:src globs; TEST-RESULTS.md),tracked file; state reflects only recorded evidence (see relabel-evidence-states.py)
tests/live-bench-device-param-writes.test.mjs,source-test,bench,executed-P05,ran under npm test in P05 (package.json test:static/test:src globs; TEST-RESULTS.md),tracked file; state reflects only recorded evidence (see relabel-evidence-states.py)
tests/live-continuous-target-actuator-stats.test.mjs,source-test,misc,executed-P05,ran under npm test in P05 (package.json test:static/test:src globs; TEST-RESULTS.md),tracked file; state reflects only recorded evidence (see relabel-evidence-states.py)
tests/live-continuous-target-actuator.test.mjs,source-test,misc,executed-P05,ran under npm test in P05 (package.json test:static/test:src globs; TEST-RESULTS.md),tracked file; state reflects only recorded evidence (see relabel-evidence-states.py)
tests/live-host-modulator-write-suppression.test.mjs,source-test,modulation,executed-P05,ran under npm test in P05 (package.json test:static/test:src globs; TEST-RESULTS.md),tracked file; state reflects only recorded evidence (see relabel-evidence-states.py)
tests/live-host-modulators.test.mjs,source-test,modulation,executed-P05,ran under npm test in P05 (package.json test:static/test:src globs; TEST-RESULTS.md),tracked file; state reflects only recorded evidence (see relabel-evidence-states.py)
tests/live-lifecycle.test.mjs,source-test,misc,executed-P05,ran under npm test in P05 (package.json test:static/test:src globs; TEST-RESULTS.md),tracked file; state reflects only recorded evidence (see relabel-evidence-states.py)
tests/live-mapping-write-cancellation.test.mjs,source-test,mapping,executed-P05,ran under npm test in P05 (package.json test:static/test:src globs; TEST-RESULTS.md),tracked file; state reflects only recorded evidence (see relabel-evidence-states.py)
tests/live-mappings-clear.test.mjs,source-test,misc,executed-P05,ran under npm test in P05 (package.json test:static/test:src globs; TEST-RESULTS.md),tracked file; state reflects only recorded evidence (see relabel-evidence-states.py)
tests/live-mappings-curve.test.mjs,source-test,misc,executed-P05,ran under npm test in P05 (package.json test:static/test:src globs; TEST-RESULTS.md),tracked file; state reflects only recorded evidence (see relabel-evidence-states.py)
tests/live-mappings-high-rate.test.mjs,source-test,misc,executed-P05,ran under npm test in P05 (package.json test:static/test:src globs; TEST-RESULTS.md),tracked file; state reflects only recorded evidence (see relabel-evidence-states.py)
tests/live-mappings-idle-value.test.mjs,source-test,misc,executed-P05,ran under npm test in P05 (package.json test:static/test:src globs; TEST-RESULTS.md),tracked file; state reflects only recorded evidence (see relabel-evidence-states.py)
tests/live-mappings-pickup.test.mjs,source-test,misc,executed-P05,ran under npm test in P05 (package.json test:static/test:src globs; TEST-RESULTS.md),tracked file; state reflects only recorded evidence (see relabel-evidence-states.py)
tests/live-mappings-safe-loss.test.mjs,source-test,misc,executed-P05,ran under npm test in P05 (package.json test:static/test:src globs; TEST-RESULTS.md),tracked file; state reflects only recorded evidence (see relabel-evidence-states.py)
tests/live-mappings-smooth-timer.test.mjs,source-test,misc,executed-P05,ran under npm test in P05 (package.json test:static/test:src globs; TEST-RESULTS.md),tracked file; state reflects only recorded evidence (see relabel-evidence-states.py)
tests/live-mappings-takeover.test.mjs,source-test,misc,executed-P05,ran under npm test in P05 (package.json test:static/test:src globs; TEST-RESULTS.md),tracked file; state reflects only recorded evidence (see relabel-evidence-states.py)
tests/live-mappings-target-range.test.mjs,source-test,misc,executed-P05,ran under npm test in P05 (package.json test:static/test:src globs; TEST-RESULTS.md),tracked file; state reflects only recorded evidence (see relabel-evidence-states.py)
tests/live-midi-receiver.test.mjs,source-test,midi,executed-P05,ran under npm test in P05 (package.json test:static/test:src globs; TEST-RESULTS.md),tracked file; state reflects only recorded evidence (see relabel-evidence-states.py)
tests/live-midi-trigger.test.mjs,source-test,midi,executed-P05,ran under npm test in P05 (package.json test:static/test:src globs; TEST-RESULTS.md),tracked file; state reflects only recorded evidence (see relabel-evidence-states.py)
tests/live-preset-storage.test.mjs,source-test,misc,executed-P05,ran under npm test in P05 (package.json test:static/test:src globs; TEST-RESULTS.md),tracked file; state reflects only recorded evidence (see relabel-evidence-states.py)
tests/live-server-info.test.mjs,source-test,misc,executed-P05,ran under npm test in P05 (package.json test:static/test:src globs; TEST-RESULTS.md),tracked file; state reflects only recorded evidence (see relabel-evidence-states.py)
tests/live-state-backpressure.test.mjs,source-test,misc,executed-P05,ran under npm test in P05 (package.json test:static/test:src globs; TEST-RESULTS.md),tracked file; state reflects only recorded evidence (see relabel-evidence-states.py)
tests/live-state-scale.test.mjs,source-test,misc,executed-P05,ran under npm test in P05 (package.json test:static/test:src globs; TEST-RESULTS.md),tracked file; state reflects only recorded evidence (see relabel-evidence-states.py)
tests/locale.test.mjs,source-test,misc,executed-P05,ran under npm test in P05 (package.json test:static/test:src globs; TEST-RESULTS.md),tracked file; state reflects only recorded evidence (see relabel-evidence-states.py)
tests/mapping-key-migration.test.mjs,source-test,mapping,executed-P05,ran under npm test in P05 (package.json test:static/test:src globs; TEST-RESULTS.md),tracked file; state reflects only recorded evidence (see relabel-evidence-states.py)
tests/mappings-targets.test.mjs,source-test,misc,executed-P05,ran under npm test in P05 (package.json test:static/test:src globs; TEST-RESULTS.md),tracked file; state reflects only recorded evidence (see relabel-evidence-states.py)
tests/modulator-policy-parity.test.mjs,source-test,modulation,executed-P05,ran under npm test in P05 (package.json test:static/test:src globs; TEST-RESULTS.md),tracked file; state reflects only recorded evidence (see relabel-evidence-states.py)
tests/native-audio-contract-types.test.mjs,source-test,misc,executed-P05,ran under npm test in P05 (package.json test:static/test:src globs; TEST-RESULTS.md),tracked file; state reflects only recorded evidence (see relabel-evidence-states.py)
tests/osc-transport-polling.test.mjs,source-test,osc,executed-P05,ran under npm test in P05 (package.json test:static/test:src globs; TEST-RESULTS.md),tracked file; state reflects only recorded evidence (see relabel-evidence-states.py)
tests/osc-transport-polyfill.test.mjs,source-test,osc,executed-P05,ran under npm test in P05 (package.json test:static/test:src globs; TEST-RESULTS.md),tracked file; state reflects only recorded evidence (see relabel-evidence-states.py)
tests/osc-transport.test.mjs,source-test,osc,executed-P05,ran under npm test in P05 (package.json test:static/test:src globs; TEST-RESULTS.md),tracked file; state reflects only recorded evidence (see relabel-evidence-states.py)
tests/perf-bench.test.mjs,source-test,misc,executed-P05,ran under npm test in P05 (package.json test:static/test:src globs; TEST-RESULTS.md),tracked file; state reflects only recorded evidence (see relabel-evidence-states.py)
tests/perf-headroom-bench.test.mjs,source-test,misc,executed-P05,ran under npm test in P05 (package.json test:static/test:src globs; TEST-RESULTS.md),tracked file; state reflects only recorded evidence (see relabel-evidence-states.py)
tests/project-config-storage.test.mjs,source-test,misc,executed-P05,ran under npm test in P05 (package.json test:static/test:src globs; TEST-RESULTS.md),tracked file; state reflects only recorded evidence (see relabel-evidence-states.py)
tests/project-config.test.mjs,source-test,misc,executed-P05,ran under npm test in P05 (package.json test:static/test:src globs; TEST-RESULTS.md),tracked file; state reflects only recorded evidence (see relabel-evidence-states.py)
tests/release-cleanup.test.mjs,source-test,misc,executed-P05,ran under npm test in P05 (package.json test:static/test:src globs; TEST-RESULTS.md),tracked file; state reflects only recorded evidence (see relabel-evidence-states.py)
tests/retired-mapping-modes.test.mjs,source-test,mapping,executed-P05,ran under npm test in P05 (package.json test:static/test:src globs; TEST-RESULTS.md),tracked file; state reflects only recorded evidence (see relabel-evidence-states.py)
tests/safe-input-layer.test.mjs,source-test,misc,executed-P05,ran under npm test in P05 (package.json test:static/test:src globs; TEST-RESULTS.md),tracked file; state reflects only recorded evidence (see relabel-evidence-states.py)
tests/server-access-urls.test.mjs,source-test,misc,executed-P05,ran under npm test in P05 (package.json test:static/test:src globs; TEST-RESULTS.md),tracked file; state reflects only recorded evidence (see relabel-evidence-states.py)
tests/server-admin-broadcast-cost.test.mjs,source-test,misc,executed-P05,ran under npm test in P05 (package.json test:static/test:src globs; TEST-RESULTS.md),tracked file; state reflects only recorded evidence (see relabel-evidence-states.py)
tests/server-cert.test.mjs,source-test,misc,executed-P05,ran under npm test in P05 (package.json test:static/test:src globs; TEST-RESULTS.md),tracked file; state reflects only recorded evidence (see relabel-evidence-states.py)
tests/server-client-id.test.mjs,source-test,misc,executed-P05,ran under npm test in P05 (package.json test:static/test:src globs; TEST-RESULTS.md),tracked file; state reflects only recorded evidence (see relabel-evidence-states.py)
tests/server-control-frame.test.mjs,source-test,misc,executed-P05,ran under npm test in P05 (package.json test:static/test:src globs; TEST-RESULTS.md),tracked file; state reflects only recorded evidence (see relabel-evidence-states.py)
tests/server-diagnostic-redaction.test.mjs,source-test,misc,executed-P05,ran under npm test in P05 (package.json test:static/test:src globs; TEST-RESULTS.md),tracked file; state reflects only recorded evidence (see relabel-evidence-states.py)
tests/server-hello-token-status.test.mjs,source-test,misc,executed-P05,ran under npm test in P05 (package.json test:static/test:src globs; TEST-RESULTS.md),tracked file; state reflects only recorded evidence (see relabel-evidence-states.py)
tests/server-history-delta.test.mjs,source-test,misc,executed-P05,ran under npm test in P05 (package.json test:static/test:src globs; TEST-RESULTS.md),tracked file; state reflects only recorded evidence (see relabel-evidence-states.py)
tests/server-http-phone-redirect.test.mjs,source-test,misc,executed-P05,ran under npm test in P05 (package.json test:static/test:src globs; TEST-RESULTS.md),tracked file; state reflects only recorded evidence (see relabel-evidence-states.py)
tests/server-log-body-limit.test.mjs,source-test,misc,executed-P05,ran under npm test in P05 (package.json test:static/test:src globs; TEST-RESULTS.md),tracked file; state reflects only recorded evidence (see relabel-evidence-states.py)
tests/server-mapping-authorization.test.mjs,source-test,mapping,executed-P05,ran under npm test in P05 (package.json test:static/test:src globs; TEST-RESULTS.md),tracked file; state reflects only recorded evidence (see relabel-evidence-states.py)
tests/server-network-binding.test.mjs,source-test,misc,executed-P05,ran under npm test in P05 (package.json test:static/test:src globs; TEST-RESULTS.md),tracked file; state reflects only recorded evidence (see relabel-evidence-states.py)
tests/server-no-url-global.test.mjs,source-test,misc,executed-P05,ran under npm test in P05 (package.json test:static/test:src globs; TEST-RESULTS.md),tracked file; state reflects only recorded evidence (see relabel-evidence-states.py)
tests/server-origin-diagnostics.test.mjs,source-test,misc,executed-P05,ran under npm test in P05 (package.json test:static/test:src globs; TEST-RESULTS.md),tracked file; state reflects only recorded evidence (see relabel-evidence-states.py)
tests/server-origin-ports.test.mjs,source-test,misc,executed-P05,ran under npm test in P05 (package.json test:static/test:src globs; TEST-RESULTS.md),tracked file; state reflects only recorded evidence (see relabel-evidence-states.py)
tests/server-panel-token-exposure.test.mjs,source-test,misc,executed-P05,ran under npm test in P05 (package.json test:static/test:src globs; TEST-RESULTS.md),tracked file; state reflects only recorded evidence (see relabel-evidence-states.py)
tests/server-rate-limit-headroom.test.mjs,source-test,misc,executed-P05,ran under npm test in P05 (package.json test:static/test:src globs; TEST-RESULTS.md),tracked file; state reflects only recorded evidence (see relabel-evidence-states.py)
tests/server-rate-limit-notice.test.mjs,source-test,misc,executed-P05,ran under npm test in P05 (package.json test:static/test:src globs; TEST-RESULTS.md),tracked file; state reflects only recorded evidence (see relabel-evidence-states.py)
tests/server-restart-stability.test.mjs,source-test,misc,executed-P05,ran under npm test in P05 (package.json test:static/test:src globs; TEST-RESULTS.md),tracked file; state reflects only recorded evidence (see relabel-evidence-states.py)
tests/server-safe-loss-wire.test.mjs,source-test,misc,executed-P05,ran under npm test in P05 (package.json test:static/test:src globs; TEST-RESULTS.md),tracked file; state reflects only recorded evidence (see relabel-evidence-states.py)
tests/server-session-cookie.test.mjs,source-test,misc,executed-P05,ran under npm test in P05 (package.json test:static/test:src globs; TEST-RESULTS.md),tracked file; state reflects only recorded evidence (see relabel-evidence-states.py)
tests/server-session-replaced.test.mjs,source-test,misc,executed-P05,ran under npm test in P05 (package.json test:static/test:src globs; TEST-RESULTS.md),tracked file; state reflects only recorded evidence (see relabel-evidence-states.py)
tests/server-shared-surface.test.mjs,source-test,misc,executed-P05,ran under npm test in P05 (package.json test:static/test:src globs; TEST-RESULTS.md),tracked file; state reflects only recorded evidence (see relabel-evidence-states.py)
tests/server-start-stop-race.test.mjs,source-test,misc,executed-P05,ran under npm test in P05 (package.json test:static/test:src globs; TEST-RESULTS.md),tracked file; state reflects only recorded evidence (see relabel-evidence-states.py)
tests/server-state-listen.test.mjs,source-test,misc,executed-P05,ran under npm test in P05 (package.json test:static/test:src globs; TEST-RESULTS.md),tracked file; state reflects only recorded evidence (see relabel-evidence-states.py)
tests/server-storage-lifecycle.test.mjs,source-test,misc,executed-P05,ran under npm test in P05 (package.json test:static/test:src globs; TEST-RESULTS.md),tracked file; state reflects only recorded evidence (see relabel-evidence-states.py)
tests/server-superseded-socket.test.mjs,source-test,misc,executed-P05,ran under npm test in P05 (package.json test:static/test:src globs; TEST-RESULTS.md),tracked file; state reflects only recorded evidence (see relabel-evidence-states.py)
tests/server-token-staleness.test.mjs,source-test,misc,executed-P05,ran under npm test in P05 (package.json test:static/test:src globs; TEST-RESULTS.md),tracked file; state reflects only recorded evidence (see relabel-evidence-states.py)
tests/server-transport-dispatch.test.mjs,source-test,misc,executed-P05,ran under npm test in P05 (package.json test:static/test:src globs; TEST-RESULTS.md),tracked file; state reflects only recorded evidence (see relabel-evidence-states.py)
tests/server-write-scheduler-reentrancy.test.mjs,source-test,misc,executed-P05,ran under npm test in P05 (package.json test:static/test:src globs; TEST-RESULTS.md),tracked file; state reflects only recorded evidence (see relabel-evidence-states.py)
tests/server-write-scheduler.test.mjs,source-test,misc,executed-P05,ran under npm test in P05 (package.json test:static/test:src globs; TEST-RESULTS.md),tracked file; state reflects only recorded evidence (see relabel-evidence-states.py)
tests/server-ws-connection-cap.test.mjs,source-test,misc,executed-P05,ran under npm test in P05 (package.json test:static/test:src globs; TEST-RESULTS.md),tracked file; state reflects only recorded evidence (see relabel-evidence-states.py)
tests/server-ws-connection-guard.test.mjs,source-test,misc,executed-P05,ran under npm test in P05 (package.json test:static/test:src globs; TEST-RESULTS.md),tracked file; state reflects only recorded evidence (see relabel-evidence-states.py)
tests/server-ws-helpers.test.mjs,source-test,misc,executed-P05,ran under npm test in P05 (package.json test:static/test:src globs; TEST-RESULTS.md),tracked file; state reflects only recorded evidence (see relabel-evidence-states.py)
tests/server-ws-security.test.mjs,source-test,misc,executed-P05,ran under npm test in P05 (package.json test:static/test:src globs; TEST-RESULTS.md),tracked file; state reflects only recorded evidence (see relabel-evidence-states.py)
tests/server-ws-stress.test.mjs,source-test,misc,executed-P05,ran under npm test in P05 (package.json test:static/test:src globs; TEST-RESULTS.md),tracked file; state reflects only recorded evidence (see relabel-evidence-states.py)
tests/stage-mode-fullscreen.test.mjs,source-test,transport,executed-P05,ran under npm test in P05 (package.json test:static/test:src globs; TEST-RESULTS.md),tracked file; state reflects only recorded evidence (see relabel-evidence-states.py)
tests/stutter-depth-coalesce.test.mjs,source-test,modulation,executed-P05,ran under npm test in P05 (package.json test:static/test:src globs; TEST-RESULTS.md),tracked file; state reflects only recorded evidence (see relabel-evidence-states.py)
tests/transport-clock.test.mjs,source-test,modulation,executed-P05,ran under npm test in P05 (package.json test:static/test:src globs; TEST-RESULTS.md),tracked file; state reflects only recorded evidence (see relabel-evidence-states.py)
tests/ui/.p03-playwright.config.mjs,source-test,root-config,inventoried,listed by git ls-files; not read or executed in this audit,tracked file; state reflects only recorded evidence (see relabel-evidence-states.py)
tests/ui/audio-detectors.spec.mjs,source-test,audio,executed-P05,ran under npm run test:ui in P05 (playwright testDir tests/ui; TEST-RESULTS.md),tracked file; state reflects only recorded evidence (see relabel-evidence-states.py)
tests/ui/audio-input.spec.mjs,source-test,audio,executed-P05,ran under npm run test:ui in P05 (playwright testDir tests/ui; TEST-RESULTS.md),tracked file; state reflects only recorded evidence (see relabel-evidence-states.py)
tests/ui/audio-spectral-workspace.spec.mjs,source-test,audio,executed-P05,ran under npm run test:ui in P05 (playwright testDir tests/ui; TEST-RESULTS.md),tracked file; state reflects only recorded evidence (see relabel-evidence-states.py)
tests/ui/audio-worklet.spec.mjs,source-test,misc,executed-P05,ran under npm run test:ui in P05 (playwright testDir tests/ui; TEST-RESULTS.md),tracked file; state reflects only recorded evidence (see relabel-evidence-states.py)
tests/ui/audio-workspace.spec.mjs,source-test,audio,executed-P05,ran under npm run test:ui in P05 (playwright testDir tests/ui; TEST-RESULTS.md),tracked file; state reflects only recorded evidence (see relabel-evidence-states.py)
tests/ui/calibration.spec.mjs,source-test,sensors,executed-P05,ran under npm run test:ui in P05 (playwright testDir tests/ui; TEST-RESULTS.md),tracked file; state reflects only recorded evidence (see relabel-evidence-states.py)
tests/ui/control-polish.spec.mjs,source-test,misc,executed-P05,ran under npm run test:ui in P05 (playwright testDir tests/ui; TEST-RESULTS.md),tracked file; state reflects only recorded evidence (see relabel-evidence-states.py)
tests/ui/fader-tracking.spec.mjs,source-test,misc,executed-P05,ran under npm run test:ui in P05 (playwright testDir tests/ui; TEST-RESULTS.md),tracked file; state reflects only recorded evidence (see relabel-evidence-states.py)
tests/ui/field-visual.spec.mjs,source-test,misc,executed-P05,ran under npm run test:ui in P05 (playwright testDir tests/ui; TEST-RESULTS.md),tracked file; state reflects only recorded evidence (see relabel-evidence-states.py)
tests/ui/follow-default.spec.mjs,source-test,misc,executed-P05,ran under npm run test:ui in P05 (playwright testDir tests/ui; TEST-RESULTS.md),tracked file; state reflects only recorded evidence (see relabel-evidence-states.py)
tests/ui/landing-release.spec.mjs,source-test,misc,executed-P05,ran under npm run test:ui in P05 (playwright testDir tests/ui; TEST-RESULTS.md),tracked file; state reflects only recorded evidence (see relabel-evidence-states.py)
tests/ui/lfo-bandwidth.spec.mjs,source-test,modulation,executed-P05,ran under npm run test:ui in P05 (playwright testDir tests/ui; TEST-RESULTS.md),tracked file; state reflects only recorded evidence (see relabel-evidence-states.py)
tests/ui/mix-eight.spec.mjs,source-test,misc,executed-P05,ran under npm run test:ui in P05 (playwright testDir tests/ui; TEST-RESULTS.md),tracked file; state reflects only recorded evidence (see relabel-evidence-states.py)
tests/ui/realtime-mapping.spec.mjs,source-test,misc,executed-P05,ran under npm run test:ui in P05 (playwright testDir tests/ui; TEST-RESULTS.md),tracked file; state reflects only recorded evidence (see relabel-evidence-states.py)
tests/ui/sensor-capabilities.spec.mjs,source-test,sensors,executed-P05,ran under npm run test:ui in P05 (playwright testDir tests/ui; TEST-RESULTS.md),tracked file; state reflects only recorded evidence (see relabel-evidence-states.py)
tests/ui/surface.spec.mjs,source-test,misc,executed-P05,ran under npm run test:ui in P05 (playwright testDir tests/ui; TEST-RESULTS.md),tracked file; state reflects only recorded evidence (see relabel-evidence-states.py)
tests/ui/test-server.mjs,source-test,misc,inventoried,listed by git ls-files; not read or executed in this audit,tracked file; state reflects only recorded evidence (see relabel-evidence-states.py)
tests/ui/workspace-scaling.spec.mjs,source-test,misc,executed-P05,ran under npm run test:ui in P05 (playwright testDir tests/ui; TEST-RESULTS.md),tracked file; state reflects only recorded evidence (see relabel-evidence-states.py)
tests/upgrade-regression.test.mjs,source-test,misc,executed-P05,ran under npm test in P05 (package.json test:static/test:src globs; TEST-RESULTS.md),tracked file; state reflects only recorded evidence (see relabel-evidence-states.py)
tests/util-cpu.test.mjs,source-test,misc,executed-P05,ran under npm test in P05 (package.json test:static/test:src globs; TEST-RESULTS.md),tracked file; state reflects only recorded evidence (see relabel-evidence-states.py)
tests/util-helpers.test.mjs,source-test,misc,executed-P05,ran under npm test in P05 (package.json test:static/test:src globs; TEST-RESULTS.md),tracked file; state reflects only recorded evidence (see relabel-evidence-states.py)
tsconfig.json,root-config,root-config,executed-P05,consumed by npm ci / lint / build:prod in P05 (TEST-RESULTS.md),tracked file; state reflects only recorded evidence (see relabel-evidence-states.py)
vendor/ableton-extensions-cli-1.0.0-beta.0.tgz,vendor-cli,misc,inventoried,listed by git ls-files; not read or executed in this audit,tracked file; state reflects only recorded evidence (see relabel-evidence-states.py)
vendor/ableton-extensions-sdk-1.0.0-beta.0.tgz,vendor-sdk,misc,inventoried,listed by git ls-files; not read or executed in this audit,tracked file; state reflects only recorded evidence (see relabel-evidence-states.py)
